% Suspension,% Year Removal,% Transfer,% security staff,% law enforcement with firearm,% metal detectors,% security cameras,% locked doors,% locker checks,% schools violent incident,Violent crime per 1000,Minority 0-25% security staff,Minority 25-50% security staff,Minority 50-75% security staff,Minority 75-100% security staff,Minority 0-25% law enforcement with firearm,Minority 25-50% law enforcement with firearm,Minority 50-75% law enforcement with firearm,Minority 75-100% law enforcement with firearm
74.23305,5.40313,20.36382,41.65904,30.74304,10.67170,57.91350,54.25330,53.18560,77.73677,31.15970,34.91826,42.42003,47.47194,53.88218,27.63036,36.73133,34.31932,28.51786
75.96367,5.38348,18.65286,46.31144,34.14968,10.12440,66.03740,60.87640,53.55010,75.45520,27.87971,40.65335,44.89788,44.81241,62.31480,34.29399,38.23215,31.71239,31.61629
73.86231,6.13692,20.00077,42.75729,28.03615,10.57510,70.03140,64.30880,53.75690,73.83720,25.00298,35.04606,42.76169,49.48978,54.51001,25.85304,32.12523,33.40053,26.06472
71.74824,4.31997,23.93179,56.51682,42.92637,12.34831,82.51670,78.18020,52.88099,68.93775,17.53865,51.14082,51.56285,62.90582,64.51964,45.55993,43.32143,47.28651,35.84235
72.57346,5.12254,22.30400,61.44897,46.66295,10.36333,83.76312,78.80968,47.81693,70.68440,19.57669,58.33032,59.24733,61.51576,67.42589,52.49729,47.35510,48.12068,37.39100
68.41928,4.86017,26.72055,65.00293,51.39813,11.87798,86.00919,84.58194,46.70004,70.19048,19.20800,64.44340,62.32250,65.35529,67.63201,57.14742,54.63931,49.56159,42.82308